,date,Boston University,Brown,Dartmouth,George Washington University,Harvard,Northwestern,Princeton,Stanford,UC Berkeley,UCLA,USC,University of Chicago,University of Pennsylvania,Yale
0,2016-02-19,0.0,0.0,0.0,0.0,0.0,0.0,0.0,0.0,0.0,0.0,0.0,0.0,5.0,0.0
1,2016-02-21,0.0,0.0,0.0,0.0,0.0,0.0,0.0,0.0,0.0,0.0,0.0,0.0,8.0,0.0
2,2016-02-26,0.0,0.0,0.0,0.0,0.0,0.0,0.0,0.0,0.0,0.0,0.0,0.0,10.0,0.0
3,2016-02-27,0.0,0.0,0.0,0.0,0.0,0.0,0.0,0.0,0.0,0.0,0.0,0.0,12.0,0.0
4,2016-03-02,0.0,0.0,0.0,0.0,0.0,0.0,0.0,0.0,0.0,0.0,0.0,0.0,14.0,0.0
5,2016-03-03,0.0,0.0,0.0,0.0,0.0,0.0,0.0,0.0,0.0,0.0,0.0,0.0,15.0,0.0
6,2016-03-13,0.0,0.0,0.0,0.0,0.0,0.0,0.0,0.0,0.0,0.0,0.0,0.0,17.0,0.0
7,2016-04-01,0.0,0.0,0.0,0.0,0.0,0.0,0.0,0.0,0.0,0.0,0.0,0.0,18.0,0.0
8,2016-04-04,0.0,0.0,0.0,0.0,0.0,0.0,0.0,0.0,0.0,0.0,0.0,0.0,19.0,0.0
9,2016-04-05,0.0,0.0,0.0,0.0,0.0,0.0,0.0,0.0,0.0,0.0,0.0,0.0,23.0,0.0
10,2016-04-20,0.0,0.0,0.0,0.0,0.0,0.0,0.0,0.0,0.0,0.0,0.0,0.0,24.0,0.0
11,2016-04-22,0.0,0.0,0.0,0.0,0.0,0.0,0.0,0.0,0.0,0.0,0.0,0.0,25.0,0.0
12,2016-05-02,0.0,0.0,0.0,0.0,0.0,0.0,0.0,0.0,6.0,0.0,0.0,0.0,25.0,0.0
13,2016-05-03,0.0,0.0,0.0,0.0,0.0,0.0,0.0,0.0,9.0,0.0,0.0,0.0,25.0,0.0
14,2016-05-04,0.0,0.0,0.0,0.0,0.0,0.0,0.0,0.0,16.0,0.0,0.0,0.0,25.0,0.0
15,2016-05-05,0.0,0.0,0.0,0.0,0.0,0.0,0.0,0.0,19.0,0.0,0.0,0.0,25.0,0.0
16,2016-05-06,0.0,0.0,0.0,0.0,0.0,0.0,0.0,0.0,23.0,0.0,0.0,0.0,26.0,0.0
17,2016-05-07,0.0,0.0,0.0,0.0,0.0,0.0,0.0,0.0,26.0,0.0,0.0,0.0,26.0,0.0
18,2016-05-08,0.0,0.0,0.0,0.0,0.0,0.0,0.0,0.0,27.0,0.0,0.0,0.0,27.0,0.0
19,2016-05-10,0.0,0.0,0.0,0.0,0.0,0.0,0.0,0.0,32.0,0.0,0.0,0.0,27.0,0.0
20,2016-05-12,0.0,0.0,0.0,0.0,0.0,0.0,0.0,0.0,34.0,0.0,0.0,0.0,27.0,0.0
21,2016-05-14,0.0,0.0,0.0,0.0,0.0,0.0,0.0,0.0,35.0,0.0,0.0,0.0,27.0,0.0
22,2016-05-16,0.0,0.0,0.0,0.0,0.0,0.0,0.0,0.0,36.0,0.0,0.0,0.0,27.0,0.0
23,2016-05-20,0.0,0.0,0.0,0.0,0.0,0.0,0.0,0.0,37.0,0.0,0.0,0.0,27.0,0.0
24,2016-05-23,0.0,0.0,0.0,0.0,0.0,0.0,0.0,0.0,38.0,0.0,0.0,0.0,27.0,0.0
25,2016-05-31,0.0,0.0,0.0,0.0,0.0,0.0,0.0,0.0,40.0,0.0,0.0,0.0,27.0,0.0
26,2016-06-01,0.0,0.0,0.0,0.0,0.0,0.0,0.0,0.0,43.0,0.0,0.0,0.0,27.0,0.0
27,2016-06-02,0.0,0.0,0.0,0.0,0.0,0.0,0.0,0.0,44.0,0.0,0.0,0.0,27.0,0.0
28,2016-06-03,0.0,0.0,0.0,0.0,0.0,0.0,0.0,0.0,47.0,0.0,0.0,0.0,27.0,0.0
29,2016-06-04,0.0,0.0,0.0,0.0,0.0,0.0,0.0,0.0,49.0,0.0,0.0,0.0,27.0,0.0
30,2016-06-08,0.0,0.0,0.0,0.0,0.0,0.0,0.0,0.0,50.0,0.0,0.0,0.0,27.0,0.0
31,2016-06-16,0.0,0.0,0.0,0.0,0.0,0.0,0.0,0.0,52.0,0.0,0.0,0.0,28.0,0.0
32,2016-06-18,0.0,0.0,0.0,0.0,0.0,0.0,0.0,0.0,53.0,0.0,0.0,0.0,28.0,0.0
33,2016-06-25,0.0,0.0,0.0,0.0,0.0,0.0,0.0,0.0,54.0,0.0,0.0,0.0,28.0,0.0
34,2016-06-29,0.0,0.0,0.0,0.0,0.0,0.0,0.0,0.0,56.0,0.0,0.0,0.0,28.0,0.0
35,2016-06-30,0.0,0.0,0.0,0.0,0.0,0.0,0.0,0.0,57.0,0.0,0.0,0.0,28.0,0.0
36,2016-07-03,0.0,0.0,0.0,0.0,0.0,0.0,0.0,0.0,59.0,0.0,0.0,0.0,28.0,0.0
37,2016-07-04,0.0,0.0,0.0,0.0,0.0,0.0,0.0,0.0,60.0,0.0,0.0,0.0,28.0,0.0
38,2016-07-06,0.0,0.0,0.0,0.0,0.0,0.0,0.0,0.0,62.0,0.0,0.0,0.0,28.0,0.0
39,2016-07-07,0.0,0.0,0.0,0.0,0.0,0.0,0.0,0.0,63.0,0.0,0.0,0.0,29.0,0.0
40,2016-07-09,0.0,0.0,0.0,0.0,0.0,0.0,0.0,0.0,65.0,0.0,0.0,0.0,29.0,0.0
41,2016-07-10,0.0,0.0,0.0,0.0,0.0,0.0,0.0,0.0,66.0,0.0,0.0,0.0,29.0,0.0
42,2016-07-11,0.0,0.0,0.0,0.0,0.0,0.0,0.0,0.0,69.0,0.0,0.0,0.0,29.0,0.0
43,2016-07-12,0.0,0.0,0.0,0.0,0.0,0.0,0.0,0.0,71.0,0.0,0.0,0.0,29.0,0.0
44,2016-07-13,0.0,0.0,0.0,0.0,0.0,0.0,0.0,0.0,72.0,0.0,0.0,0.0,29.0,0.0
45,2016-07-18,0.0,0.0,0.0,0.0,0.0,0.0,0.0,0.0,72.0,0.0,0.0,0.0,30.0,0.0
46,2016-07-19,0.0,0.0,0.0,0.0,0.0,0.0,0.0,0.0,73.0,0.0,0.0,0.0,30.0,0.0
47,2016-07-21,0.0,0.0,0.0,0.0,0.0,0.0,0.0,0.0,74.0,0.0,0.0,0.0,30.0,0.0
48,2016-07-22,0.0,0.0,0.0,0.0,0.0,0.0,0.0,0.0,75.0,0.0,0.0,0.0,30.0,0.0
49,2016-07-26,0.0,0.0,0.0,0.0,0.0,0.0,0.0,0.0,77.0,0.0,0.0,0.0,30.0,0.0
50,2016-07-27,0.0,0.0,0.0,0.0,0.0,0.0,0.0,0.0,79.0,0.0,0.0,0.0,30.0,0.0
51,2016-08-06,0.0,0.0,0.0,0.0,0.0,0.0,0.0,0.0,80.0,0.0,0.0,0.0,30.0,0.0
52,2016-08-10,0.0,0.0,0.0,0.0,0.0,0.0,0.0,0.0,81.0,0.0,0.0,0.0,30.0,0.0
53,2016-08-11,0.0,0.0,0.0,0.0,0.0,0.0,0.0,0.0,81.0,0.0,0.0,0.0,31.0,0.0
54,2016-08-12,0.0,0.0,0.0,0.0,0.0,0.0,0.0,0.0,82.0,0.0,0.0,0.0,31.0,0.0
55,2016-08-15,0.0,0.0,0.0,0.0,0.0,0.0,0.0,0.0,83.0,0.0,0.0,0.0,31.0,0.0
56,2016-08-16,0.0,0.0,0.0,0.0,0.0,0.0,0.0,0.0,86.0,0.0,0.0,0.0,31.0,0.0
57,2016-08-17,0.0,0.0,0.0,0.0,0.0,0.0,0.0,0.0,91.0,0.0,0.0,0.0,31.0,0.0
58,2016-08-23,0.0,0.0,0.0,0.0,0.0,0.0,0.0,0.0,92.0,0.0,0.0,0.0,31.0,0.0
59,2016-08-25,0.0,0.0,0.0,0.0,0.0,0.0,0.0,0.0,95.0,0.0,0.0,0.0,31.0,0.0
60,2016-08-26,0.0,0.0,0.0,0.0,0.0,0.0,0.0,0.0,96.0,0.0,0.0,0.0,31.0,0.0
61,2016-08-29,0.0,0.0,0.0,0.0,0.0,0.0,0.0,0.0,97.0,0.0,0.0,0.0,31.0,0.0
62,2016-08-30,0.0,0.0,0.0,0.0,0.0,0.0,0.0,0.0,98.0,0.0,0.0,0.0,31.0,0.0
63,2016-08-31,0.0,0.0,0.0,0.0,0.0,0.0,0.0,0.0,101.0,0.0,0.0,0.0,31.0,0.0
64,2016-09-01,0.0,0.0,0.0,0.0,0.0,0.0,0.0,0.0,103.0,0.0,0.0,0.0,31.0,0.0
65,2016-09-02,0.0,0.0,0.0,0.0,0.0,0.0,0.0,0.0,107.0,0.0,0.0,0.0,32.0,0.0
66,2016-09-03,0.0,0.0,0.0,0.0,0.0,0.0,0.0,0.0,112.0,0.0,0.0,0.0,32.0,0.0
67,2016-09-04,0.0,0.0,0.0,0.0,0.0,0.0,0.0,0.0,114.0,0.0,0.0,0.0,32.0,0.0
68,2016-09-05,0.0,0.0,0.0,0.0,0.0,0.0,0.0,0.0,115.0,0.0,0.0,0.0,32.0,0.0
69,2016-09-06,0.0,0.0,0.0,0.0,0.0,0.0,0.0,0.0,116.0,0.0,0.0,0.0,32.0,0.0
70,2016-09-07,0.0,0.0,0.0,0.0,0.0,0.0,0.0,0.0,118.0,0.0,0.0,0.0,32.0,0.0
71,2016-09-08,0.0,0.0,0.0,0.0,0.0,0.0,0.0,0.0,122.0,0.0,0.0,0.0,32.0,0.0
72,2016-09-09,0.0,0.0,0.0,0.0,0.0,0.0,0.0,0.0,124.0,0.0,0.0,0.0,32.0,0.0
73,2016-09-10,0.0,0.0,0.0,0.0,0.0,0.0,0.0,0.0,125.0,0.0,0.0,0.0,32.0,0.0
74,2016-09-11,0.0,0.0,0.0,0.0,0.0,0.0,0.0,0.0,128.0,0.0,0.0,0.0,32.0,0.0
75,2016-09-12,0.0,0.0,0.0,0.0,0.0,0.0,0.0,0.0,130.0,0.0,0.0,0.0,32.0,0.0
76,2016-09-13,0.0,0.0,0.0,0.0,0.0,0.0,0.0,0.0,139.0,0.0,0.0,0.0,33.0,0.0
77,2016-09-14,0.0,0.0,0.0,0.0,0.0,0.0,0.0,0.0,140.0,0.0,0.0,0.0,33.0,0.0
78,2016-09-15,0.0,0.0,0.0,0.0,0.0,0.0,0.0,0.0,144.0,0.0,0.0,0.0,33.0,0.0
79,2016-09-16,0.0,0.0,0.0,0.0,0.0,0.0,0.0,0.0,145.0,0.0,0.0,0.0,33.0,0.0
80,2016-09-17,0.0,0.0,0.0,0.0,0.0,0.0,0.0,0.0,149.0,0.0,0.0,0.0,33.0,0.0
81,2016-09-18,0.0,0.0,0.0,0.0,0.0,0.0,0.0,0.0,152.0,0.0,0.0,0.0,33.0,0.0
82,2016-09-19,0.0,0.0,0.0,0.0,0.0,0.0,0.0,0.0,158.0,0.0,0.0,0.0,33.0,0.0
83,2016-09-20,0.0,0.0,0.0,0.0,0.0,0.0,0.0,0.0,163.0,0.0,0.0,0.0,33.0,0.0
84,2016-09-21,0.0,0.0,0.0,0.0,0.0,0.0,0.0,0.0,168.0,0.0,0.0,0.0,33.0,0.0
85,2016-09-22,0.0,0.0,0.0,0.0,0.0,0.0,0.0,0.0,180.0,0.0,0.0,0.0,33.0,0.0
86,2016-09-23,0.0,0.0,0.0,0.0,0.0,0.0,0.0,0.0,188.0,0.0,0.0,0.0,33.0,0.0
87,2016-09-24,0.0,0.0,0.0,0.0,0.0,0.0,0.0,0.0,189.0,0.0,0.0,0.0,33.0,0.0
88,2016-09-26,0.0,0.0,0.0,0.0,0.0,0.0,0.0,0.0,193.0,0.0,0.0,0.0,33.0,0.0
89,2016-09-27,0.0,0.0,0.0,0.0,0.0,0.0,0.0,0.0,195.0,0.0,0.0,0.0,33.0,0.0
90,2016-09-28,0.0,0.0,0.0,0.0,0.0,0.0,0.0,0.0,199.0,0.0,0.0,0.0,33.0,0.0
91,2016-09-29,0.0,0.0,0.0,0.0,0.0,0.0,0.0,0.0,208.0,0.0,0.0,0.0,33.0,0.0
92,2016-09-30,0.0,0.0,0.0,0.0,0.0,0.0,0.0,0.0,217.0,0.0,0.0,0.0,33.0,0.0
93,2016-10-01,0.0,0.0,0.0,0.0,0.0,0.0,0.0,0.0,221.0,0.0,0.0,0.0,34.0,0.0
94,2016-10-02,0.0,0.0,0.0,0.0,0.0,0.0,0.0,0.0,227.0,0.0,0.0,0.0,34.0,0.0
95,2016-10-03,0.0,0.0,0.0,0.0,0.0,0.0,0.0,0.0,233.0,0.0,0.0,0.0,37.0,0.0
96,2016-10-04,0.0,0.0,0.0,0.0,0.0,0.0,0.0,0.0,239.0,0.0,0.0,0.0,38.0,0.0
97,2016-10-05,0.0,0.0,0.0,0.0,0.0,0.0,0.0,0.0,245.0,0.0,0.0,0.0,38.0,0.0
98,2016-10-06,0.0,0.0,0.0,0.0,0.0,0.0,0.0,0.0,248.0,0.0,0.0,0.0,38.0,0.0
99,2016-10-07,0.0,0.0,0.0,0.0,0.0,0.0,0.0,0.0,251.0,0.0,0.0,0.0,38.0,0.0
100,2016-10-08,0.0,0.0,0.0,0.0,0.0,0.0,0.0,0.0,253.0,0.0,0.0,0.0,38.0,0.0
101,2016-10-09,0.0,0.0,0.0,0.0,0.0,0.0,0.0,0.0,261.0,0.0,0.0,0.0,38.0,0.0
102,2016-10-10,0.0,0.0,0.0,0.0,0.0,0.0,0.0,0.0,264.0,0.0,0.0,0.0,38.0,0.0
103,2016-10-11,0.0,0.0,0.0,0.0,0.0,0.0,0.0,0.0,270.0,0.0,0.0,0.0,38.0,0.0
104,2016-10-12,0.0,0.0,0.0,0.0,0.0,0.0,0.0,0.0,277.0,0.0,0.0,0.0,38.0,0.0
105,2016-10-13,0.0,0.0,0.0,0.0,0.0,0.0,0.0,0.0,283.0,0.0,0.0,0.0,45.0,0.0
106,2016-10-14,0.0,0.0,0.0,0.0,0.0,0.0,0.0,0.0,310.0,0.0,0.0,0.0,47.0,0.0
107,2016-10-15,0.0,0.0,0.0,0.0,0.0,0.0,0.0,0.0,323.0,0.0,0.0,0.0,47.0,0.0
108,2016-10-16,0.0,0.0,0.0,0.0,0.0,0.0,0.0,0.0,328.0,0.0,0.0,0.0,47.0,0.0
109,2016-10-17,0.0,0.0,0.0,0.0,0.0,0.0,0.0,0.0,342.0,0.0,0.0,0.0,47.0,0.0
110,2016-10-18,0.0,0.0,0.0,0.0,0.0,0.0,0.0,0.0,362.0,0.0,0.0,0.0,48.0,0.0
111,2016-10-19,0.0,0.0,0.0,0.0,0.0,0.0,0.0,0.0,376.0,0.0,0.0,0.0,49.0,0.0
112,2016-10-20,0.0,0.0,0.0,0.0,0.0,0.0,0.0,0.0,403.0,0.0,0.0,0.0,51.0,0.0
113,2016-10-21,0.0,0.0,0.0,0.0,0.0,0.0,0.0,0.0,422.0,0.0,0.0,0.0,53.0,0.0
114,2016-10-22,0.0,0.0,0.0,0.0,0.0,0.0,0.0,0.0,447.0,0.0,0.0,0.0,54.0,0.0
115,2016-10-23,0.0,0.0,0.0,0.0,0.0,0.0,0.0,0.0,462.0,0.0,0.0,0.0,55.0,0.0
116,2016-10-24,0.0,0.0,0.0,0.0,0.0,0.0,0.0,0.0,480.0,0.0,0.0,0.0,56.0,0.0
117,2016-10-25,0.0,0.0,0.0,0.0,0.0,0.0,0.0,0.0,516.0,0.0,0.0,0.0,56.0,0.0
118,2016-10-26,0.0,0.0,0.0,0.0,0.0,0.0,0.0,0.0,565.0,0.0,0.0,0.0,58.0,0.0
119,2016-10-27,0.0,0.0,0.0,0.0,0.0,0.0,0.0,0.0,623.0,0.0,0.0,0.0,61.0,0.0
120,2016-10-28,0.0,0.0,0.0,0.0,0.0,0.0,0.0,0.0,671.0,0.0,0.0,0.0,61.0,0.0
121,2016-10-29,0.0,0.0,0.0,0.0,0.0,0.0,0.0,0.0,695.0,0.0,0.0,0.0,61.0,0.0
122,2016-10-30,0.0,0.0,0.0,0.0,0.0,0.0,0.0,0.0,727.0,0.0,0.0,0.0,61.0,0.0
123,2016-10-31,0.0,0.0,0.0,0.0,0.0,0.0,0.0,0.0,756.0,0.0,0.0,0.0,61.0,0.0
124,2016-11-01,0.0,0.0,0.0,0.0,0.0,0.0,0.0,0.0,774.0,0.0,0.0,0.0,61.0,0.0
125,2016-11-02,0.0,0.0,0.0,0.0,0.0,0.0,0.0,0.0,821.0,0.0,0.0,0.0,61.0,0.0
126,2016-11-03,0.0,0.0,0.0,0.0,0.0,0.0,0.0,26.0,886.0,0.0,0.0,0.0,64.0,0.0
127,2016-11-04,0.0,0.0,0.0,0.0,0.0,0.0,0.0,31.0,930.0,0.0,0.0,0.0,64.0,0.0
128,2016-11-05,0.0,0.0,0.0,0.0,0.0,0.0,0.0,32.0,954.0,0.0,0.0,0.0,64.0,0.0
129,2016-11-06,0.0,0.0,0.0,0.0,0.0,0.0,0.0,32.0,984.0,0.0,0.0,0.0,64.0,0.0
130,2016-11-07,0.0,0.0,0.0,0.0,0.0,0.0,0.0,32.0,1036.0,0.0,0.0,0.0,64.0,0.0
131,2016-11-08,0.0,0.0,0.0,0.0,0.0,0.0,0.0,33.0,1111.0,0.0,0.0,0.0,65.0,0.0
132,2016-11-09,0.0,0.0,0.0,0.0,0.0,0.0,0.0,33.0,1167.0,0.0,0.0,0.0,66.0,0.0
133,2016-11-10,0.0,0.0,0.0,0.0,0.0,0.0,0.0,33.0,1184.0,0.0,0.0,0.0,66.0,0.0
134,2016-11-11,0.0,0.0,0.0,0.0,0.0,0.0,0.0,33.0,1201.0,0.0,0.0,0.0,66.0,0.0
135,2016-11-12,0.0,0.0,0.0,0.0,0.0,0.0,0.0,33.0,1214.0,0.0,0.0,0.0,66.0,0.0
136,2016-11-13,0.0,0.0,0.0,0.0,0.0,0.0,0.0,37.0,1235.0,0.0,0.0,0.0,66.0,0.0
137,2016-11-14,0.0,0.0,0.0,0.0,0.0,0.0,0.0,41.0,1270.0,0.0,0.0,0.0,66.0,0.0
138,2016-11-15,0.0,0.0,0.0,0.0,0.0,0.0,0.0,44.0,1330.0,0.0,0.0,0.0,68.0,0.0
139,2016-11-16,0.0,0.0,0.0,0.0,0.0,0.0,0.0,47.0,1397.0,0.0,0.0,0.0,70.0,0.0
140,2016-11-17,0.0,0.0,0.0,0.0,0.0,0.0,0.0,47.0,1456.0,0.0,0.0,0.0,73.0,0.0
141,2016-11-18,0.0,0.0,0.0,0.0,0.0,0.0,0.0,49.0,1523.0,0.0,0.0,0.0,73.0,0.0
142,2016-11-19,0.0,0.0,0.0,0.0,0.0,0.0,0.0,51.0,1554.0,0.0,0.0,0.0,73.0,0.0
143,2016-11-20,0.0,0.0,0.0,0.0,0.0,0.0,0.0,57.0,1587.0,0.0,0.0,0.0,73.0,0.0
144,2016-11-21,0.0,0.0,0.0,0.0,0.0,0.0,0.0,57.0,1615.0,0.0,0.0,0.0,74.0,0.0
145,2016-11-22,0.0,0.0,0.0,0.0,0.0,0.0,0.0,58.0,1658.0,8.0,0.0,0.0,75.0,0.0
146,2016-11-23,0.0,0.0,0.0,0.0,0.0,0.0,0.0,58.0,1707.0,44.0,0.0,0.0,76.0,0.0
147,2016-11-24,0.0,0.0,0.0,0.0,0.0,0.0,0.0,58.0,1753.0,74.0,0.0,0.0,78.0,0.0
148,2016-11-25,0.0,0.0,0.0,0.0,0.0,0.0,0.0,58.0,1772.0,90.0,0.0,0.0,79.0,0.0
149,2016-11-26,0.0,0.0,0.0,0.0,0.0,0.0,0.0,60.0,1797.0,97.0,0.0,0.0,79.0,0.0
150,2016-11-27,0.0,0.0,0.0,0.0,0.0,0.0,0.0,61.0,1859.0,110.0,0.0,0.0,79.0,0.0
151,2016-11-28,0.0,0.0,0.0,0.0,0.0,0.0,0.0,61.0,1930.0,120.0,0.0,0.0,79.0,2.0
152,2016-11-29,0.0,0.0,0.0,0.0,0.0,0.0,0.0,61.0,2023.0,145.0,3.0,0.0,81.0,3.0
153,2016-11-30,0.0,0.0,0.0,0.0,0.0,0.0,0.0,61.0,2102.0,173.0,8.0,0.0,82.0,14.0
154,2016-12-01,0.0,0.0,0.0,0.0,0.0,0.0,0.0,61.0,2193.0,248.0,27.0,0.0,84.0,18.0
155,2016-12-02,0.0,0.0,0.0,0.0,0.0,0.0,0.0,62.0,2270.0,385.0,36.0,0.0,84.0,18.0
156,2016-12-03,0.0,0.0,0.0,0.0,0.0,0.0,0.0,63.0,2313.0,491.0,45.0,0.0,84.0,18.0
157,2016-12-04,0.0,0.0,0.0,0.0,0.0,0.0,0.0,63.0,2366.0,606.0,48.0,0.0,86.0,21.0
158,2016-12-05,0.0,0.0,0.0,0.0,0.0,0.0,0.0,68.0,2748.0,870.0,55.0,0.0,88.0,23.0
159,2016-12-06,0.0,0.0,0.0,0.0,0.0,0.0,0.0,80.0,2805.0,1176.0,63.0,0.0,89.0,26.0
160,2016-12-07,0.0,0.0,0.0,0.0,0.0,0.0,0.0,80.0,2906.0,1464.0,72.0,0.0,91.0,28.0
161,2016-12-08,0.0,0.0,0.0,0.0,0.0,0.0,0.0,81.0,3049.0,1624.0,82.0,0.0,92.0,28.0
162,2016-12-09,0.0,3.0,0.0,0.0,0.0,0.0,0.0,85.0,3169.0,1756.0,86.0,0.0,93.0,31.0
163,2016-12-10,0.0,3.0,0.0,0.0,0.0,0.0,0.0,87.0,3255.0,1798.0,90.0,0.0,93.0,31.0
164,2016-12-11,0.0,12.0,0.0,0.0,0.0,0.0,0.0,89.0,3412.0,1817.0,97.0,0.0,95.0,33.0
165,2016-12-12,0.0,15.0,0.0,0.0,0.0,0.0,0.0,92.0,3640.0,1835.0,110.0,0.0,95.0,33.0
166,2016-12-13,0.0,18.0,0.0,0.0,0.0,0.0,0.0,93.0,3762.0,1866.0,114.0,0.0,95.0,34.0
167,2016-12-14,0.0,19.0,0.0,0.0,0.0,0.0,0.0,95.0,3890.0,1890.0,117.0,0.0,95.0,34.0
168,2016-12-15,0.0,22.0,0.0,0.0,0.0,0.0,0.0,95.0,3977.0,1906.0,119.0,0.0,95.0,35.0
169,2016-12-16,0.0,23.0,0.0,0.0,0.0,0.0,0.0,95.0,4043.0,1932.0,124.0,0.0,95.0,35.0
170,2016-12-17,0.0,25.0,0.0,0.0,0.0,0.0,0.0,96.0,4089.0,1949.0,127.0,0.0,96.0,37.0
171,2016-12-18,0.0,32.0,0.0,0.0,0.0,0.0,0.0,104.0,4119.0,1962.0,128.0,0.0,96.0,39.0
172,2016-12-19,0.0,33.0,0.0,0.0,0.0,0.0,0.0,104.0,4143.0,1980.0,129.0,0.0,98.0,41.0
173,2016-12-20,0.0,34.0,0.0,0.0,0.0,0.0,0.0,108.0,4166.0,2003.0,131.0,0.0,101.0,41.0
174,2016-12-21,0.0,35.0,0.0,0.0,0.0,0.0,0.0,111.0,4186.0,2016.0,140.0,0.0,102.0,42.0
175,2016-12-22,0.0,36.0,0.0,0.0,0.0,0.0,0.0,114.0,4213.0,2043.0,140.0,0.0,103.0,42.0
176,2016-12-23,0.0,36.0,0.0,0.0,0.0,0.0,0.0,114.0,4261.0,2068.0,141.0,0.0,103.0,42.0
177,2016-12-24,0.0,37.0,0.0,0.0,0.0,0.0,0.0,115.0,4298.0,2077.0,142.0,0.0,104.0,42.0
178,2016-12-25,0.0,37.0,0.0,0.0,0.0,0.0,0.0,118.0,4323.0,2088.0,143.0,0.0,104.0,42.0
179,2016-12-26,0.0,37.0,0.0,0.0,0.0,0.0,0.0,121.0,4343.0,2094.0,144.0,0.0,104.0,42.0
180,2016-12-27,0.0,37.0,0.0,0.0,0.0,0.0,0.0,122.0,4388.0,2112.0,145.0,0.0,104.0,43.0
181,2016-12-28,0.0,37.0,0.0,0.0,0.0,0.0,0.0,128.0,4399.0,2121.0,145.0,0.0,104.0,43.0
182,2016-12-29,0.0,37.0,0.0,0.0,0.0,0.0,0.0,136.0,4411.0,2141.0,145.0,0.0,104.0,43.0
183,2016-12-30,0.0,37.0,0.0,0.0,0.0,0.0,0.0,143.0,4433.0,2148.0,147.0,0.0,104.0,43.0
184,2016-12-31,0.0,37.0,3.0,0.0,0.0,0.0,0.0,145.0,4456.0,2156.0,148.0,0.0,104.0,45.0
185,2017-01-01,0.0,37.0,5.0,0.0,0.0,0.0,0.0,148.0,4465.0,2164.0,148.0,0.0,104.0,47.0
186,2017-01-02,0.0,37.0,6.0,0.0,0.0,0.0,0.0,148.0,4489.0,2176.0,156.0,0.0,104.0,47.0
187,2017-01-03,0.0,37.0,9.0,0.0,0.0,0.0,0.0,149.0,4499.0,2189.0,179.0,0.0,104.0,47.0
188,2017-01-04,0.0,37.0,9.0,0.0,0.0,0.0,0.0,156.0,4506.0,2200.0,183.0,0.0,105.0,47.0
189,2017-01-05,0.0,38.0,13.0,0.0,0.0,0.0,0.0,159.0,4519.0,2209.0,185.0,0.0,106.0,48.0
190,2017-01-06,0.0,39.0,14.0,0.0,0.0,0.0,0.0,161.0,4533.0,2222.0,190.0,0.0,107.0,48.0
191,2017-01-07,0.0,40.0,16.0,0.0,0.0,0.0,0.0,161.0,4546.0,2234.0,191.0,0.0,108.0,48.0
192,2017-01-08,0.0,40.0,21.0,0.0,0.0,0.0,0.0,161.0,4557.0,2242.0,193.0,0.0,108.0,49.0
193,2017-01-09,0.0,40.0,22.0,0.0,0.0,0.0,0.0,161.0,4565.0,2262.0,194.0,0.0,108.0,49.0
194,2017-01-10,0.0,41.0,22.0,0.0,0.0,0.0,0.0,161.0,4590.0,2286.0,196.0,0.0,108.0,49.0
195,2017-01-11,0.0,41.0,26.0,0.0,0.0,0.0,0.0,162.0,4606.0,2312.0,204.0,0.0,109.0,49.0
196,2017-01-12,0.0,41.0,30.0,0.0,0.0,0.0,0.0,165.0,4654.0,2352.0,204.0,0.0,109.0,49.0
197,2017-01-13,0.0,42.0,30.0,0.0,0.0,0.0,0.0,167.0,4679.0,2385.0,207.0,0.0,109.0,49.0
198,2017-01-14,0.0,42.0,33.0,0.0,0.0,0.0,0.0,171.0,4692.0,2400.0,209.0,0.0,110.0,49.0
199,2017-01-15,0.0,42.0,35.0,0.0,0.0,0.0,0.0,173.0,4713.0,2413.0,209.0,0.0,110.0,50.0
200,2017-01-16,0.0,42.0,38.0,0.0,0.0,0.0,0.0,175.0,4729.0,2426.0,211.0,0.0,110.0,50.0
201,2017-01-17,0.0,42.0,41.0,0.0,0.0,0.0,0.0,178.0,4760.0,2446.0,214.0,0.0,110.0,50.0
202,2017-01-18,0.0,42.0,45.0,0.0,0.0,0.0,0.0,178.0,4798.0,2473.0,214.0,0.0,110.0,50.0
203,2017-01-19,0.0,42.0,48.0,0.0,0.0,0.0,0.0,179.0,4833.0,2509.0,216.0,0.0,110.0,50.0
204,2017-01-20,0.0,43.0,51.0,0.0,0.0,0.0,0.0,179.0,4873.0,2527.0,221.0,0.0,110.0,50.0
205,2017-01-21,0.0,44.0,51.0,0.0,0.0,0.0,0.0,184.0,4877.0,2534.0,223.0,0.0,110.0,50.0
206,2017-01-22,0.0,44.0,53.0,0.0,0.0,0.0,0.0,184.0,4882.0,2550.0,230.0,0.0,110.0,50.0
207,2017-01-23,0.0,44.0,55.0,0.0,0.0,0.0,0.0,184.0,4892.0,2570.0,233.0,0.0,110.0,50.0
208,2017-01-24,0.0,44.0,62.0,0.0,0.0,0.0,0.0,184.0,4899.0,2583.0,245.0,0.0,111.0,51.0
209,2017-01-25,0.0,44.0,63.0,0.0,0.0,0.0,0.0,185.0,4907.0,2602.0,251.0,0.0,111.0,51.0
210,2017-01-26,0.0,44.0,66.0,0.0,0.0,0.0,0.0,186.0,4921.0,2620.0,257.0,0.0,111.0,51.0
211,2017-01-27,0.0,44.0,67.0,0.0,0.0,0.0,0.0,194.0,4940.0,2635.0,262.0,0.0,111.0,51.0
212,2017-01-28,0.0,44.0,70.0,0.0,0.0,0.0,0.0,195.0,4950.0,2646.0,268.0,0.0,111.0,51.0
213,2017-01-29,0.0,44.0,72.0,0.0,0.0,0.0,0.0,197.0,4958.0,2652.0,273.0,0.0,111.0,51.0
214,2017-01-30,0.0,45.0,74.0,0.0,0.0,0.0,0.0,198.0,4970.0,2665.0,282.0,0.0,111.0,51.0
215,2017-01-31,0.0,45.0,76.0,0.0,0.0,0.0,0.0,198.0,4977.0,2679.0,289.0,0.0,111.0,52.0
216,2017-02-01,0.0,46.0,76.0,0.0,0.0,0.0,0.0,198.0,4989.0,2698.0,295.0,0.0,111.0,52.0
217,2017-02-02,0.0,46.0,83.0,0.0,0.0,0.0,0.0,200.0,5067.0,2715.0,299.0,0.0,111.0,53.0
218,2017-02-03,0.0,52.0,85.0,0.0,0.0,0.0,0.0,203.0,5099.0,2739.0,305.0,0.0,111.0,54.0
219,2017-02-04,0.0,55.0,86.0,0.0,12.0,0.0,0.0,204.0,5112.0,2751.0,310.0,0.0,111.0,54.0
220,2017-02-05,0.0,55.0,87.0,0.0,16.0,0.0,0.0,205.0,5124.0,2767.0,314.0,0.0,111.0,54.0
221,2017-02-06,0.0,60.0,93.0,0.0,20.0,0.0,0.0,207.0,5137.0,2792.0,325.0,0.0,111.0,54.0
222,2017-02-07,0.0,63.0,96.0,0.0,21.0,0.0,0.0,209.0,5153.0,2829.0,331.0,0.0,116.0,55.0
223,2017-02-08,0.0,69.0,101.0,0.0,23.0,0.0,0.0,209.0,5173.0,2862.0,337.0,0.0,116.0,55.0
224,2017-02-09,0.0,70.0,106.0,0.0,31.0,0.0,0.0,210.0,5214.0,2884.0,343.0,0.0,117.0,59.0
225,2017-02-10,0.0,70.0,111.0,0.0,36.0,0.0,0.0,211.0,5226.0,2912.0,357.0,0.0,117.0,59.0
226,2017-02-11,0.0,70.0,115.0,0.0,36.0,0.0,0.0,213.0,5245.0,2953.0,362.0,0.0,117.0,59.0
227,2017-02-12,0.0,70.0,117.0,0.0,39.0,0.0,0.0,217.0,5261.0,2969.0,365.0,0.0,117.0,59.0
228,2017-02-13,11.0,70.0,119.0,0.0,39.0,0.0,0.0,218.0,5297.0,3001.0,372.0,0.0,117.0,61.0
229,2017-02-14,15.0,70.0,125.0,0.0,39.0,0.0,0.0,222.0,5354.0,3047.0,398.0,0.0,118.0,61.0
230,2017-02-15,16.0,71.0,131.0,0.0,39.0,0.0,0.0,223.0,5395.0,3073.0,420.0,0.0,120.0,61.0
231,2017-02-16,16.0,71.0,133.0,0.0,40.0,0.0,0.0,223.0,5422.0,3099.0,426.0,0.0,124.0,61.0
232,2017-02-17,16.0,72.0,134.0,0.0,40.0,0.0,0.0,223.0,5446.0,3125.0,441.0,0.0,125.0,61.0
233,2017-02-18,16.0,72.0,136.0,0.0,43.0,0.0,0.0,223.0,5470.0,3150.0,445.0,0.0,125.0,62.0
234,2017-02-19,16.0,72.0,142.0,0.0,49.0,0.0,0.0,224.0,5493.0,3168.0,450.0,0.0,126.0,68.0
235,2017-02-20,19.0,72.0,148.0,0.0,66.0,0.0,0.0,226.0,5510.0,3185.0,457.0,0.0,126.0,70.0
236,2017-02-21,23.0,73.0,154.0,0.0,92.0,0.0,0.0,226.0,5521.0,3208.0,469.0,0.0,127.0,74.0
237,2017-02-22,23.0,75.0,158.0,0.0,119.0,0.0,0.0,235.0,5549.0,3237.0,480.0,0.0,127.0,82.0
238,2017-02-23,23.0,75.0,169.0,0.0,162.0,0.0,0.0,238.0,5575.0,3296.0,492.0,0.0,128.0,93.0
239,2017-02-24,24.0,75.0,180.0,0.0,218.0,0.0,0.0,244.0,5602.0,3332.0,507.0,0.0,131.0,108.0
240,2017-02-25,28.0,75.0,183.0,0.0,244.0,0.0,0.0,248.0,5619.0,3350.0,514.0,0.0,131.0,117.0
241,2017-02-26,28.0,76.0,196.0,0.0,259.0,0.0,0.0,251.0,5703.0,3379.0,517.0,0.0,131.0,123.0
242,2017-02-27,29.0,76.0,201.0,0.0,298.0,0.0,0.0,257.0,5782.0,3424.0,538.0,0.0,134.0,146.0
243,2017-02-28,30.0,76.0,219.0,0.0,337.0,0.0,10.0,264.0,5810.0,3456.0,550.0,0.0,153.0,158.0
244,2017-03-01,31.0,76.0,226.0,0.0,366.0,0.0,32.0,268.0,5995.0,3484.0,573.0,0.0,159.0,173.0
245,2017-03-02,32.0,76.0,232.0,0.0,388.0,0.0,59.0,276.0,6129.0,3511.0,599.0,0.0,162.0,183.0
246,2017-03-03,33.0,76.0,237.0,0.0,416.0,13.0,120.0,281.0,6201.0,3528.0,610.0,0.0,165.0,208.0
247,2017-03-04,33.0,76.0,242.0,0.0,430.0,17.0,151.0,282.0,6268.0,3542.0,619.0,0.0,165.0,215.0
248,2017-03-05,33.0,77.0,252.0,0.0,461.0,19.0,175.0,283.0,6299.0,3555.0,628.0,0.0,165.0,227.0
249,2017-03-06,33.0,116.0,266.0,0.0,483.0,24.0,200.0,284.0,6331.0,3567.0,638.0,0.0,165.0,257.0
250,2017-03-07,33.0,155.0,273.0,0.0,504.0,24.0,244.0,288.0,6363.0,3586.0,656.0,0.0,167.0,282.0
251,2017-03-08,34.0,174.0,280.0,0.0,520.0,25.0,275.0,288.0,6384.0,3609.0,667.0,0.0,169.0,310.0
252,2017-03-09,34.0,182.0,285.0,0.0,532.0,25.0,296.0,289.0,6407.0,3628.0,685.0,0.0,170.0,340.0
253,2017-03-10,39.0,194.0,296.0,0.0,548.0,27.0,318.0,296.0,6426.0,3648.0,696.0,0.0,172.0,369.0
254,2017-03-11,40.0,197.0,303.0,0.0,558.0,27.0,336.0,296.0,6445.0,3665.0,703.0,0.0,173.0,374.0
255,2017-03-12,41.0,207.0,319.0,0.0,563.0,27.0,381.0,297.0,6454.0,3677.0,706.0,0.0,180.0,382.0
256,2017-03-13,45.0,231.0,324.0,0.0,571.0,28.0,402.0,301.0,6471.0,3699.0,710.0,0.0,184.0,390.0
257,2017-03-14,46.0,234.0,331.0,0.0,575.0,28.0,448.0,303.0,6487.0,3731.0,713.0,0.0,195.0,398.0
258,2017-03-15,48.0,235.0,335.0,0.0,578.0,28.0,475.0,308.0,6502.0,3764.0,717.0,0.0,211.0,404.0
259,2017-03-16,51.0,240.0,336.0,0.0,580.0,28.0,502.0,309.0,6526.0,3799.0,724.0,0.0,242.0,411.0
260,2017-03-17,52.0,241.0,338.0,0.0,590.0,28.0,521.0,311.0,6548.0,3840.0,730.0,0.0,284.0,420.0
261,2017-03-18,53.0,244.0,339.0,0.0,594.0,28.0,538.0,314.0,6557.0,3876.0,733.0,0.0,308.0,429.0
262,2017-03-19,54.0,253.0,341.0,0.0,600.0,28.0,551.0,315.0,6575.0,3909.0,742.0,0.0,334.0,437.0
263,2017-03-20,58.0,264.0,342.0,0.0,606.0,28.0,557.0,318.0,6594.0,3951.0,757.0,0.0,363.0,458.0
264,2017-03-21,66.0,271.0,348.0,0.0,619.0,28.0,568.0,320.0,6620.0,3987.0,771.0,0.0,388.0,481.0
265,2017-03-22,75.0,280.0,350.0,0.0,624.0,28.0,573.0,323.0,6633.0,4058.0,787.0,13.0,421.0,488.0
266,2017-03-23,85.0,299.0,358.0,0.0,627.0,28.0,583.0,326.0,6669.0,4096.0,799.0,18.0,451.0,501.0
267,2017-03-24,97.0,309.0,362.0,0.0,638.0,28.0,597.0,329.0,6689.0,4125.0,811.0,25.0,482.0,510.0
268,2017-03-25,99.0,318.0,365.0,0.0,644.0,28.0,604.0,330.0,6704.0,4141.0,817.0,29.0,497.0,521.0
269,2017-03-26,108.0,325.0,369.0,0.0,651.0,28.0,612.0,330.0,6713.0,4148.0,822.0,31.0,523.0,531.0
270,2017-03-27,117.0,345.0,375.0,0.0,655.0,28.0,626.0,334.0,6722.0,4155.0,828.0,41.0,554.0,543.0
271,2017-03-28,124.0,371.0,377.0,0.0,665.0,28.0,638.0,334.0,6724.0,4159.0,840.0,48.0,608.0,562.0
272,2017-03-29,128.0,397.0,385.0,0.0,673.0,31.0,660.0,336.0,6733.0,4167.0,860.0,54.0,663.0,575.0
273,2017-03-30,138.0,413.0,388.0,0.0,679.0,36.0,680.0,342.0,6749.0,4176.0,882.0,58.0,729.0,589.0
274,2017-03-31,156.0,426.0,391.0,3.0,692.0,38.0,701.0,347.0,6811.0,4185.0,906.0,66.0,772.0,602.0
275,2017-04-01,171.0,454.0,392.0,23.0,709.0,40.0,709.0,368.0,6838.0,4206.0,922.0,71.0,849.0,616.0
276,2017-04-02,188.0,462.0,396.0,40.0,725.0,40.0,726.0,370.0,6859.0,4216.0,957.0,74.0,894.0,634.0
277,2017-04-03,200.0,475.0,398.0,86.0,742.0,41.0,747.0,372.0,6885.0,4234.0,970.0,78.0,951.0,649.0
278,2017-04-04,227.0,498.0,402.0,186.0,752.0,42.0,761.0,382.0,6917.0,4241.0,988.0,84.0,1033.0,666.0
279,2017-04-05,242.0,514.0,407.0,267.0,768.0,47.0,769.0,385.0,6947.0,4254.0,1009.0,92.0,1080.0,688.0
280,2017-04-06,262.0,540.0,410.0,359.0,780.0,55.0,789.0,386.0,6970.0,4267.0,1027.0,94.0,1155.0,707.0
281,2017-04-07,277.0,569.0,414.0,399.0,790.0,58.0,807.0,388.0,7003.0,4277.0,1047.0,98.0,1214.0,717.0
282,2017-04-08,293.0,586.0,419.0,424.0,801.0,60.0,813.0,389.0,7011.0,4287.0,1058.0,100.0,1248.0,723.0
283,2017-04-09,310.0,601.0,426.0,448.0,803.0,62.0,821.0,392.0,7029.0,4292.0,1062.0,103.0,1289.0,729.0
284,2017-04-10,341.0,620.0,428.0,491.0,824.0,71.0,830.0,399.0,7058.0,4304.0,1080.0,111.0,1382.0,735.0
285,2017-04-11,360.0,636.0,434.0,530.0,836.0,75.0,841.0,403.0,7074.0,4312.0,1094.0,126.0,1440.0,741.0
286,2017-04-12,375.0,655.0,442.0,573.0,848.0,91.0,862.0,410.0,7094.0,4326.0,1108.0,164.0,1502.0,753.0
287,2017-04-13,402.0,686.0,463.0,593.0,854.0,104.0,876.0,414.0,7110.0,4333.0,1122.0,173.0,1568.0,766.0
288,2017-04-14,414.0,706.0,468.0,608.0,864.0,120.0,884.0,415.0,7131.0,4344.0,1135.0,187.0,1610.0,775.0
289,2017-04-15,422.0,721.0,471.0,617.0,868.0,123.0,889.0,415.0,7141.0,4351.0,1143.0,194.0,1641.0,779.0
290,2017-04-16,424.0,743.0,472.0,623.0,871.0,133.0,900.0,416.0,7155.0,4355.0,1148.0,203.0,1670.0,786.0
291,2017-04-17,428.0,767.0,473.0,635.0,878.0,149.0,916.0,416.0,7175.0,4364.0,1160.0,226.0,1709.0,792.0
292,2017-04-18,446.0,796.0,478.0,690.0,893.0,165.0,931.0,435.0,7188.0,4376.0,1167.0,246.0,1746.0,805.0
293,2017-04-19,458.0,817.0,482.0,714.0,910.0,185.0,942.0,439.0,7206.0,4380.0,1182.0,273.0,1782.0,814.0
294,2017-04-20,471.0,845.0,486.0,751.0,911.0,219.0,953.0,440.0,7231.0,4392.0,1197.0,286.0,1825.0,825.0
295,2017-04-21,485.0,868.0,487.0,769.0,915.0,254.0,963.0,443.0,7245.0,4399.0,1207.0,315.0,1840.0,834.0
296,2017-04-22,489.0,881.0,492.0,784.0,922.0,275.0,970.0,444.0,7252.0,4410.0,1213.0,333.0,1859.0,838.0
297,2017-04-23,494.0,897.0,496.0,797.0,926.0,289.0,977.0,445.0,7277.0,4422.0,1217.0,348.0,1893.0,844.0
298,2017-04-24,513.0,918.0,501.0,820.0,930.0,304.0,983.0,451.0,7304.0,4429.0,1235.0,361.0,1940.0,859.0
299,2017-04-25,543.0,966.0,503.0,849.0,940.0,316.0,988.0,454.0,7332.0,4438.0,1250.0,377.0,1973.0,867.0
300,2017-04-26,561.0,989.0,509.0,860.0,951.0,340.0,995.0,459.0,7356.0,4447.0,1260.0,392.0,2004.0,876.0
301,2017-04-27,587.0,1024.0,514.0,898.0,961.0,363.0,1015.0,467.0,7386.0,4462.0,1285.0,407.0,2029.0,894.0
302,2017-04-28,610.0,1040.0,518.0,943.0,974.0,388.0,1028.0,475.0,7419.0,4474.0,1300.0,447.0,2050.0,906.0
303,2017-04-29,625.0,1044.0,523.0,947.0,980.0,403.0,1036.0,478.0,7435.0,4478.0,1313.0,467.0,2068.0,912.0
304,2017-04-30,640.0,1060.0,529.0,964.0,984.0,417.0,1051.0,481.0,7447.0,4481.0,1324.0,487.0,2097.0,916.0
305,2017-05-01,665.0,1078.0,539.0,994.0,993.0,436.0,1060.0,482.0,7466.0,4494.0,1338.0,517.0,2146.0,926.0
306,2017-05-02,686.0,1099.0,548.0,1011.0,999.0,451.0,1068.0,483.0,7487.0,4508.0,1360.0,533.0,2193.0,936.0
307,2017-05-03,717.0,1125.0,553.0,1040.0,1005.0,487.0,1074.0,493.0,7515.0,4531.0,1395.0,543.0,2244.0,951.0
308,2017-05-04,746.0,1145.0,560.0,1057.0,1013.0,500.0,1086.0,499.0,7526.0,4556.0,1430.0,565.0,2286.0,968.0
309,2017-05-05,773.0,1176.0,564.0,1070.0,1019.0,523.0,1097.0,503.0,7561.0,4567.0,1466.0,598.0,2327.0,975.0
310,2017-05-06,784.0,1193.0,568.0,1074.0,1020.0,537.0,1099.0,505.0,7572.0,4572.0,1487.0,616.0,2343.0,987.0
311,2017-05-07,792.0,1224.0,575.0,1092.0,1028.0,632.0,1102.0,509.0,7577.0,4586.0,1501.0,629.0,2358.0,994.0
312,2017-05-08,811.0,1254.0,583.0,1114.0,1033.0,644.0,1109.0,510.0,7577.0,4598.0,1533.0,650.0,2389.0,1009.0
313,2017-05-09,828.0,1285.0,593.0,1132.0,1039.0,660.0,1116.0,513.0,7577.0,4607.0,1554.0,675.0,2412.0,1021.0
314,2017-05-10,845.0,1310.0,602.0,1163.0,1042.0,694.0,1127.0,519.0,7577.0,4619.0,1571.0,714.0,2426.0,1028.0
315,2017-05-11,854.0,1340.0,607.0,1190.0,1053.0,717.0,1132.0,522.0,7577.0,4630.0,1581.0,726.0,2442.0,1038.0
316,2017-05-12,859.0,1381.0,609.0,1204.0,1054.0,734.0,1133.0,530.0,7577.0,4646.0,1588.0,747.0,2452.0,1047.0
317,2017-05-13,861.0,1388.0,615.0,1208.0,1058.0,740.0,1139.0,533.0,7577.0,4650.0,1593.0,759.0,2464.0,1048.0
318,2017-05-14,863.0,1396.0,619.0,1214.0,1062.0,747.0,1146.0,537.0,7577.0,4656.0,1596.0,766.0,2472.0,1051.0
319,2017-05-15,867.0,1410.0,620.0,1224.0,1070.0,771.0,1162.0,539.0,7577.0,4662.0,1598.0,784.0,2477.0,1055.0
320,2017-05-16,869.0,1425.0,623.0,1232.0,1072.0,791.0,1183.0,545.0,7577.0,4668.0,1604.0,798.0,2487.0,1057.0
321,2017-05-17,872.0,1445.0,627.0,1236.0,1073.0,814.0,1194.0,545.0,7577.0,4680.0,1617.0,828.0,2495.0,1060.0
322,2017-05-18,873.0,1456.0,630.0,1239.0,1080.0,832.0,1207.0,549.0,7577.0,4688.0,1627.0,842.0,2498.0,1062.0
323,2017-05-19,875.0,1461.0,635.0,1244.0,1084.0,854.0,1212.0,550.0,7579.0,4695.0,1634.0,854.0,2505.0,1066.0
324,2017-05-20,876.0,1464.0,636.0,1245.0,1085.0,867.0,1218.0,551.0,7579.0,4702.0,1638.0,869.0,2508.0,1068.0
325,2017-05-21,878.0,1470.0,638.0,1252.0,1087.0,885.0,1229.0,558.0,7591.0,4704.0,1639.0,878.0,2512.0,1069.0
326,2017-05-22,883.0,1475.0,640.0,1258.0,1090.0,895.0,1231.0,564.0,7601.0,4715.0,1639.0,896.0,2513.0,1073.0
327,2017-05-23,897.0,1479.0,641.0,1260.0,1096.0,908.0,1239.0,571.0,7613.0,4727.0,1641.0,911.0,2518.0,1076.0
328,2017-05-24,899.0,1483.0,642.0,1264.0,1101.0,919.0,1240.0,579.0,7629.0,4745.0,1643.0,929.0,2524.0,1078.0
329,2017-05-25,901.0,1492.0,643.0,1266.0,1108.0,931.0,1244.0,582.0,7636.0,4762.0,1645.0,944.0,2534.0,1081.0
330,2017-05-26,902.0,1496.0,644.0,1267.0,1109.0,945.0,1250.0,586.0,7726.0,4779.0,1647.0,954.0,2540.0,1086.0
331,2017-05-27,902.0,1498.0,644.0,1267.0,1110.0,950.0,1255.0,588.0,7786.0,4786.0,1649.0,963.0,2541.0,1088.0
332,2017-05-28,902.0,1504.0,649.0,1269.0,1111.0,952.0,1256.0,590.0,7798.0,4793.0,1649.0,976.0,2544.0,1088.0
333,2017-05-29,903.0,1510.0,657.0,1269.0,1113.0,955.0,1258.0,592.0,7820.0,4798.0,1650.0,993.0,2550.0,1089.0
334,2017-05-30,904.0,1513.0,657.0,1269.0,1115.0,962.0,1261.0,597.0,7849.0,4805.0,1650.0,1018.0,2556.0,1091.0
335,2017-05-31,904.0,1519.0,659.0,1276.0,1117.0,971.0,1261.0,601.0,7865.0,4814.0,1654.0,1037.0,2564.0,1092.0
336,2017-06-01,908.0,1522.0,665.0,1278.0,1119.0,975.0,1265.0,609.0,7884.0,4822.0,1657.0,1060.0,2568.0,1095.0
337,2017-06-02,909.0,1524.0,669.0,1281.0,1119.0,984.0,1266.0,612.0,7904.0,4838.0,1661.0,1079.0,2572.0,1098.0
338,2017-06-03,909.0,1526.0,670.0,1283.0,1120.0,991.0,1267.0,619.0,7948.0,4844.0,1663.0,1086.0,2575.0,1101.0
339,2017-06-04,909.0,1530.0,675.0,1284.0,1121.0,997.0,1269.0,621.0,7970.0,4852.0,1664.0,1096.0,2578.0,1103.0
340,2017-06-05,910.0,1531.0,675.0,1286.0,1129.0,1023.0,1272.0,632.0,7986.0,4875.0,1667.0,1136.0,2584.0,1108.0
341,2017-06-06,912.0,1535.0,677.0,1292.0,1135.0,1045.0,1276.0,635.0,7996.0,4895.0,1669.0,1150.0,2591.0,1111.0
342,2017-06-07,915.0,1537.0,680.0,1298.0,1140.0,1053.0,1278.0,640.0,8001.0,4925.0,1674.0,1168.0,2592.0,1114.0
343,2017-06-08,917.0,1541.0,683.0,1310.0,1143.0,1070.0,1278.0,648.0,8011.0,4953.0,1676.0,1180.0,2592.0,1116.0
344,2017-06-09,918.0,1545.0,684.0,1317.0,1150.0,1079.0,1284.0,650.0,8039.0,4977.0,1678.0,1185.0,2597.0,1120.0
345,2017-06-10,919.0,1545.0,686.0,1320.0,1153.0,1081.0,1284.0,652.0,8051.0,4990.0,1678.0,1187.0,2599.0,1121.0
346,2017-06-11,919.0,1545.0,686.0,1327.0,1156.0,1086.0,1287.0,658.0,8056.0,5002.0,1680.0,1195.0,2604.0,1122.0
347,2017-06-12,921.0,1546.0,688.0,1332.0,1159.0,1089.0,1287.0,660.0,8069.0,5029.0,1683.0,1199.0,2606.0,1124.0
348,2017-06-13,926.0,1548.0,689.0,1334.0,1160.0,1094.0,1289.0,662.0,8090.0,5054.0,1694.0,1203.0,2613.0,1125.0
349,2017-06-14,929.0,1551.0,692.0,1338.0,1166.0,1100.0,1289.0,664.0,8100.0,5072.0,1699.0,1209.0,2615.0,1126.0
350,2017-06-15,930.0,1555.0,692.0,1346.0,1169.0,1102.0,1291.0,667.0,8107.0,5081.0,1700.0,1213.0,2615.0,1127.0
351,2017-06-16,932.0,1557.0,692.0,1350.0,1170.0,1105.0,1292.0,671.0,8118.0,5094.0,1702.0,1219.0,2617.0,1129.0
352,2017-06-17,932.0,1558.0,692.0,1354.0,1171.0,1110.0,1293.0,672.0,8121.0,5104.0,1703.0,1222.0,2621.0,1129.0
353,2017-06-18,932.0,1559.0,694.0,1356.0,1171.0,1110.0,1293.0,676.0,8129.0,5112.0,1705.0,1225.0,2623.0,1130.0
354,2017-06-19,933.0,1559.0,695.0,1360.0,1171.0,1112.0,1293.0,677.0,8144.0,5114.0,1707.0,1231.0,2626.0,1132.0
355,2017-06-20,933.0,1563.0,695.0,1363.0,1172.0,1112.0,1294.0,679.0,8150.0,5119.0,1708.0,1234.0,2626.0,1134.0
356,2017-06-21,934.0,1568.0,696.0,1370.0,1172.0,1112.0,1295.0,679.0,8171.0,5122.0,1711.0,1242.0,2628.0,1136.0
357,2017-06-22,934.0,1569.0,697.0,1377.0,1175.0,1114.0,1295.0,682.0,8186.0,5125.0,1711.0,1249.0,2629.0,1136.0
358,2017-06-23,935.0,1571.0,698.0,1385.0,1175.0,1118.0,1296.0,683.0,8206.0,5128.0,1714.0,1253.0,2630.0,1139.0
359,2017-06-24,935.0,1572.0,698.0,1387.0,1179.0,1118.0,1297.0,684.0,8225.0,5129.0,1716.0,1257.0,2633.0,1140.0
360,2017-06-25,935.0,1573.0,699.0,1388.0,1179.0,1119.0,1297.0,684.0,8233.0,5134.0,1718.0,1260.0,2635.0,1142.0
361,2017-06-26,938.0,1574.0,700.0,1391.0,1180.0,1119.0,1297.0,687.0,8239.0,5140.0,1721.0,1264.0,2636.0,1146.0
362,2017-06-27,939.0,1574.0,700.0,1393.0,1180.0,1121.0,1298.0,688.0,8252.0,5147.0,1721.0,1267.0,2643.0,1148.0
363,2017-06-28,940.0,1575.0,700.0,1397.0,1181.0,1121.0,1298.0,691.0,8267.0,5152.0,1722.0,1273.0,2645.0,1148.0
364,2017-06-29,942.0,1577.0,702.0,1399.0,1183.0,1122.0,1301.0,693.0,8279.0,5154.0,1724.0,1276.0,2645.0,1149.0
365,2017-06-30,943.0,1579.0,702.0,1400.0,1183.0,1123.0,1303.0,694.0,8286.0,5160.0,1724.0,1281.0,2650.0,1149.0
366,2017-07-01,943.0,1581.0,703.0,1400.0,1184.0,1124.0,1303.0,695.0,8300.0,5162.0,1724.0,1288.0,2652.0,1149.0
367,2017-07-02,943.0,1581.0,703.0,1401.0,1184.0,1124.0,1304.0,696.0,8309.0,5167.0,1725.0,1291.0,2654.0,1150.0
368,2017-07-03,946.0,1581.0,705.0,1403.0,1186.0,1124.0,1305.0,696.0,8318.0,5171.0,1726.0,1292.0,2656.0,1150.0
369,2017-07-04,948.0,1583.0,706.0,1405.0,1188.0,1124.0,1307.0,696.0,8323.0,5173.0,1727.0,1294.0,2658.0,1154.0
370,2017-07-05,948.0,1584.0,707.0,1407.0,1188.0,1124.0,1307.0,696.0,8335.0,5176.0,1729.0,1296.0,2658.0,1156.0
371,2017-07-06,948.0,1586.0,710.0,1409.0,1190.0,1127.0,1307.0,696.0,8339.0,5178.0,1730.0,1299.0,2659.0,1157.0
372,2017-07-07,952.0,1587.0,711.0,1411.0,1190.0,1129.0,1307.0,699.0,8350.0,5184.0,1731.0,1304.0,2666.0,1158.0
373,2017-07-08,952.0,1587.0,711.0,1412.0,1191.0,1132.0,1308.0,699.0,8363.0,5186.0,1734.0,1308.0,2669.0,1158.0
374,2017-07-09,957.0,1589.0,711.0,1416.0,1191.0,1136.0,1308.0,701.0,8374.0,5191.0,1734.0,1314.0,2672.0,1161.0
375,2017-07-10,957.0,1590.0,714.0,1420.0,1192.0,1137.0,1308.0,703.0,8390.0,5192.0,1735.0,1319.0,2675.0,1162.0
376,2017-07-11,959.0,1590.0,715.0,1423.0,1195.0,1141.0,1310.0,705.0,8409.0,5197.0,1739.0,1326.0,2677.0,1166.0
377,2017-07-12,961.0,1592.0,717.0,1427.0,1202.0,1142.0,1311.0,707.0,8422.0,5198.0,1741.0,1328.0,2680.0,1170.0
378,2017-07-13,962.0,1593.0,717.0,1430.0,1208.0,1144.0,1311.0,707.0,8438.0,5207.0,1743.0,1331.0,2684.0,1172.0
379,2017-07-14,962.0,1593.0,719.0,1436.0,1211.0,1146.0,1311.0,708.0,8450.0,5207.0,1744.0,1336.0,2686.0,1172.0
380,2017-07-15,964.0,1593.0,721.0,1436.0,1214.0,1146.0,1312.0,710.0,8453.0,5208.0,1745.0,1337.0,2688.0,1176.0
381,2017-07-16,966.0,1595.0,722.0,1440.0,1216.0,1147.0,1313.0,710.0,8458.0,5208.0,1747.0,1338.0,2691.0,1178.0
382,2017-07-17,967.0,1597.0,722.0,1443.0,1219.0,1149.0,1313.0,713.0,8466.0,5210.0,1752.0,1339.0,2694.0,1185.0
383,2017-07-18,973.0,1599.0,722.0,1448.0,1221.0,1151.0,1315.0,713.0,8474.0,5212.0,1761.0,1353.0,2697.0,1190.0
384,2017-07-19,980.0,1602.0,725.0,1454.0,1222.0,1153.0,1318.0,713.0,8481.0,5212.0,1765.0,1357.0,2698.0,1194.0
385,2017-07-20,982.0,1606.0,726.0,1456.0,1224.0,1155.0,1321.0,714.0,8493.0,5215.0,1767.0,1360.0,2698.0,1195.0
386,2017-07-21,983.0,1606.0,726.0,1459.0,1224.0,1157.0,1322.0,714.0,8501.0,5216.0,1773.0,1363.0,2703.0,1195.0
387,2017-07-22,984.0,1612.0,726.0,1459.0,1225.0,1158.0,1322.0,714.0,8506.0,5219.0,1773.0,1365.0,2703.0,1199.0
388,2017-07-23,986.0,1615.0,726.0,1460.0,1228.0,1158.0,1322.0,714.0,8511.0,5221.0,1774.0,1366.0,2704.0,1200.0
389,2017-07-24,987.0,1617.0,726.0,1467.0,1228.0,1158.0,1322.0,714.0,8523.0,5222.0,1774.0,1371.0,2708.0,1202.0
390,2017-07-25,988.0,1617.0,726.0,1472.0,1229.0,1159.0,1325.0,715.0,8529.0,5224.0,1776.0,1375.0,2709.0,1202.0
391,2017-07-26,989.0,1617.0,727.0,1476.0,1229.0,1160.0,1327.0,716.0,8540.0,5224.0,1777.0,1382.0,2712.0,1204.0
392,2017-07-27,993.0,1621.0,728.0,1479.0,1230.0,1160.0,1328.0,718.0,8555.0,5227.0,1777.0,1385.0,2716.0,1205.0
393,2017-07-28,994.0,1622.0,729.0,1483.0,1231.0,1160.0,1328.0,720.0,8562.0,5228.0,1780.0,1388.0,2722.0,1205.0
394,2017-07-29,996.0,1622.0,730.0,1483.0,1231.0,1160.0,1329.0,720.0,8573.0,5229.0,1781.0,1389.0,2728.0,1205.0
395,2017-07-30,997.0,1623.0,732.0,1484.0,1232.0,1161.0,1329.0,720.0,8576.0,5229.0,1782.0,1393.0,2732.0,1205.0
396,2017-07-31,997.0,1624.0,732.0,1489.0,1233.0,1163.0,1329.0,723.0,8585.0,5229.0,1786.0,1399.0,2732.0,1206.0
397,2017-08-01,998.0,1627.0,733.0,1500.0,1235.0,1164.0,1330.0,736.0,8608.0,5232.0,1788.0,1404.0,2736.0,1210.0
398,2017-08-02,1002.0,1628.0,734.0,1505.0,1237.0,1166.0,1330.0,740.0,8637.0,5233.0,1793.0,1409.0,2737.0,1211.0
399,2017-08-03,1004.0,1628.0,737.0,1509.0,1239.0,1166.0,1330.0,742.0,8648.0,5234.0,1796.0,1416.0,2740.0,1211.0
400,2017-08-04,1006.0,1644.0,737.0,1511.0,1243.0,1168.0,1333.0,745.0,8663.0,5236.0,1796.0,1419.0,2742.0,1212.0
401,2017-08-05,1007.0,1650.0,738.0,1512.0,1246.0,1169.0,1333.0,754.0,8677.0,5237.0,1799.0,1423.0,2742.0,1214.0
402,2017-08-06,1007.0,1652.0,739.0,1514.0,1248.0,1171.0,1336.0,757.0,8690.0,5238.0,1802.0,1427.0,2746.0,1214.0
403,2017-08-07,1008.0,1655.0,746.0,1517.0,1249.0,1175.0,1337.0,758.0,8700.0,5238.0,1803.0,1432.0,2747.0,1218.0
404,2017-08-08,1008.0,1661.0,747.0,1519.0,1250.0,1178.0,1337.0,761.0,8710.0,5238.0,1804.0,1438.0,2751.0,1220.0
405,2017-08-09,1009.0,1665.0,749.0,1521.0,1251.0,1180.0,1342.0,762.0,8721.0,5240.0,1807.0,1441.0,2753.0,1222.0
406,2017-08-10,1009.0,1669.0,754.0,1524.0,1253.0,1184.0,1342.0,767.0,8743.0,5242.0,1811.0,1446.0,2755.0,1227.0
407,2017-08-11,1009.0,1670.0,756.0,1526.0,1254.0,1186.0,1342.0,770.0,8753.0,5243.0,1815.0,1446.0,2758.0,1227.0
408,2017-08-12,1010.0,1672.0,756.0,1526.0,1254.0,1187.0,1343.0,771.0,8772.0,5246.0,1816.0,1447.0,2758.0,1230.0
409,2017-08-13,1012.0,1675.0,756.0,1528.0,1255.0,1188.0,1344.0,772.0,8780.0,5246.0,1817.0,1447.0,2759.0,1231.0
410,2017-08-14,1014.0,1676.0,756.0,1530.0,1255.0,1189.0,1344.0,775.0,8784.0,5247.0,1819.0,1447.0,2761.0,1235.0
411,2017-08-15,1014.0,1677.0,758.0,1536.0,1255.0,1190.0,1345.0,776.0,8789.0,5248.0,1828.0,1448.0,2762.0,1237.0
412,2017-08-16,1015.0,1683.0,758.0,1537.0,1257.0,1192.0,1345.0,778.0,8795.0,5249.0,1829.0,1450.0,2764.0,1237.0
413,2017-08-17,1020.0,1686.0,758.0,1540.0,1257.0,1198.0,1346.0,780.0,8799.0,5251.0,1834.0,1451.0,2767.0,1240.0
414,2017-08-18,1021.0,1687.0,760.0,1543.0,1259.0,1201.0,1347.0,782.0,8811.0,5252.0,1838.0,1455.0,2771.0,1240.0
415,2017-08-19,1024.0,1689.0,760.0,1545.0,1259.0,1202.0,1347.0,785.0,8819.0,5255.0,1839.0,1459.0,2773.0,1240.0
416,2017-08-20,1024.0,1693.0,761.0,1546.0,1260.0,1203.0,1348.0,788.0,8827.0,5256.0,1843.0,1464.0,2775.0,1242.0
417,2017-08-21,1028.0,1699.0,767.0,1554.0,1260.0,1203.0,1349.0,790.0,8850.0,5256.0,1846.0,1472.0,2776.0,1242.0
418,2017-08-22,1030.0,1702.0,768.0,1556.0,1260.0,1204.0,1350.0,792.0,8862.0,5256.0,1849.0,1478.0,2779.0,1244.0
419,2017-08-23,1035.0,1709.0,772.0,1559.0,1261.0,1204.0,1350.0,796.0,8876.0,5259.0,1852.0,1480.0,2786.0,1248.0
420,2017-08-24,1039.0,1711.0,772.0,1562.0,1264.0,1204.0,1351.0,798.0,8886.0,5261.0,1859.0,1484.0,2792.0,1252.0
421,2017-08-25,1043.0,1713.0,772.0,1567.0,1267.0,1205.0,1351.0,799.0,8908.0,5264.0,1860.0,1493.0,2794.0,1254.0
422,2017-08-26,1045.0,1715.0,772.0,1567.0,1271.0,1207.0,1355.0,803.0,8921.0,5268.0,1864.0,1494.0,2795.0,1255.0
423,2017-08-27,1050.0,1715.0,774.0,1570.0,1273.0,1207.0,1358.0,804.0,8942.0,5270.0,1872.0,1496.0,2801.0,1256.0
424,2017-08-28,1051.0,1716.0,775.0,1576.0,1273.0,1209.0,1359.0,807.0,8949.0,5273.0,1876.0,1499.0,2804.0,1270.0
425,2017-08-29,1057.0,1716.0,777.0,1581.0,1273.0,1210.0,1362.0,809.0,8955.0,5276.0,1880.0,1500.0,2807.0,1278.0
426,2017-08-30,1064.0,1720.0,778.0,1583.0,1275.0,1212.0,1366.0,811.0,8965.0,5280.0,1890.0,1508.0,2810.0,1287.0
427,2017-08-31,1065.0,1723.0,778.0,1593.0,1279.0,1213.0,1368.0,811.0,8984.0,5283.0,1894.0,1513.0,2814.0,1288.0
428,2017-09-01,1066.0,1725.0,779.0,1595.0,1283.0,1214.0,1369.0,813.0,9001.0,5287.0,1898.0,1516.0,2817.0,1294.0
429,2017-09-02,1066.0,1725.0,783.0,1598.0,1284.0,1215.0,1371.0,814.0,9018.0,5288.0,1905.0,1521.0,2823.0,1295.0
430,2017-09-03,1068.0,1727.0,784.0,1602.0,1287.0,1215.0,1371.0,814.0,9037.0,5289.0,1910.0,1524.0,2824.0,1299.0
431,2017-09-04,1070.0,1729.0,785.0,1606.0,1289.0,1216.0,1374.0,817.0,9046.0,5307.0,1917.0,1527.0,2828.0,1306.0
432,2017-09-05,1075.0,1738.0,785.0,1609.0,1292.0,1219.0,1375.0,819.0,9060.0,5312.0,1921.0,1528.0,2833.0,1316.0
433,2017-09-06,1078.0,1743.0,787.0,1611.0,1293.0,1219.0,1378.0,825.0,9073.0,5313.0,1922.0,1534.0,2834.0,1324.0
434,2017-09-07,1088.0,1747.0,787.0,1615.0,1293.0,1220.0,1382.0,825.0,9100.0,5317.0,1922.0,1541.0,2839.0,1326.0
435,2017-09-08,1095.0,1754.0,788.0,1617.0,1295.0,1221.0,1385.0,828.0,9120.0,5320.0,1926.0,1544.0,2845.0,1326.0
436,2017-09-09,1099.0,1758.0,788.0,1621.0,1298.0,1223.0,1389.0,831.0,9139.0,5320.0,1928.0,1546.0,2848.0,1328.0
437,2017-09-10,1102.0,1764.0,790.0,1623.0,1299.0,1225.0,1390.0,831.0,9152.0,5323.0,1932.0,1549.0,2849.0,1330.0
438,2017-09-11,1104.0,1771.0,790.0,1626.0,1302.0,1226.0,1396.0,831.0,9165.0,5327.0,1933.0,1555.0,2854.0,1335.0
439,2017-09-12,1108.0,1773.0,791.0,1628.0,1303.0,1227.0,1399.0,833.0,9180.0,5330.0,1945.0,1560.0,2858.0,1338.0
440,2017-09-13,1118.0,1776.0,792.0,1634.0,1304.0,1227.0,1405.0,837.0,9201.0,5345.0,1970.0,1565.0,2865.0,1342.0
441,2017-09-14,1122.0,1779.0,793.0,1641.0,1308.0,1228.0,1411.0,840.0,9222.0,5348.0,1980.0,1566.0,2873.0,1347.0
442,2017-09-15,1131.0,1782.0,794.0,1646.0,1311.0,1230.0,1413.0,840.0,9267.0,5351.0,1993.0,1570.0,2880.0,1351.0
443,2017-09-16,1133.0,1787.0,795.0,1650.0,1314.0,1234.0,1415.0,841.0,9276.0,5355.0,1995.0,1573.0,2885.0,1352.0
444,2017-09-17,1141.0,1789.0,797.0,1658.0,1315.0,1238.0,1419.0,844.0,9289.0,5358.0,2006.0,1575.0,2892.0,1354.0
445,2017-09-18,1145.0,1799.0,800.0,1662.0,1318.0,1248.0,1426.0,847.0,9310.0,5362.0,2015.0,1581.0,2900.0,1361.0
446,2017-09-19,1150.0,1817.0,802.0,1666.0,1321.0,1253.0,1429.0,850.0,9331.0,5370.0,2021.0,1589.0,2905.0,1367.0
447,2017-09-20,1154.0,1828.0,805.0,1674.0,1325.0,1255.0,1431.0,854.0,9351.0,5379.0,2022.0,1596.0,2909.0,1370.0
448,2017-09-21,1159.0,1833.0,805.0,1689.0,1328.0,1260.0,1433.0,856.0,9376.0,5390.0,2025.0,1601.0,2917.0,1378.0
449,2017-09-22,1167.0,1838.0,806.0,1693.0,1331.0,1263.0,1437.0,859.0,9397.0,5393.0,2029.0,1606.0,2928.0,1381.0
450,2017-09-23,1168.0,1842.0,808.0,1693.0,1332.0,1264.0,1441.0,861.0,9408.0,5396.0,2035.0,1613.0,2940.0,1383.0
451,2017-09-24,1171.0,1845.0,809.0,1697.0,1336.0,1264.0,1441.0,863.0,9428.0,5402.0,2047.0,1617.0,2946.0,1386.0
452,2017-09-25,1178.0,1851.0,813.0,1702.0,1341.0,1265.0,1444.0,869.0,9468.0,5405.0,2049.0,1620.0,2957.0,1388.0
453,2017-09-26,1183.0,1857.0,815.0,1706.0,1343.0,1267.0,1449.0,872.0,9495.0,5416.0,2054.0,1624.0,2962.0,1391.0
454,2017-09-27,1188.0,1858.0,816.0,1723.0,1345.0,1269.0,1455.0,875.0,9524.0,5421.0,2059.0,1626.0,2970.0,1394.0
455,2017-09-28,1191.0,1863.0,816.0,1744.0,1346.0,1272.0,1460.0,878.0,9548.0,5429.0,2067.0,1630.0,2981.0,1400.0
456,2017-09-29,1194.0,1865.0,818.0,1751.0,1347.0,1273.0,1461.0,879.0,9571.0,5433.0,2071.0,1635.0,2987.0,1404.0
457,2017-09-30,1198.0,1867.0,820.0,1753.0,1349.0,1274.0,1462.0,880.0,9587.0,5436.0,2076.0,1637.0,2992.0,1406.0
458,2017-10-01,1200.0,1868.0,821.0,1756.0,1352.0,1277.0,1465.0,880.0,9592.0,5439.0,2077.0,1640.0,2997.0,1407.0
459,2017-10-02,1203.0,1870.0,823.0,1760.0,1358.0,1281.0,1471.0,882.0,9605.0,5443.0,2080.0,1643.0,3006.0,1413.0
460,2017-10-03,1207.0,1874.0,826.0,1763.0,1363.0,1283.0,1472.0,885.0,9620.0,5445.0,2084.0,1647.0,3013.0,1414.0
461,2017-10-04,1212.0,1882.0,833.0,1764.0,1367.0,1288.0,1476.0,885.0,9641.0,5455.0,2088.0,1650.0,3015.0,1422.0
462,2017-10-05,1218.0,1891.0,837.0,1765.0,1372.0,1293.0,1479.0,888.0,9660.0,5462.0,2089.0,1655.0,3020.0,1422.0
463,2017-10-06,1223.0,1897.0,842.0,1767.0,1375.0,1299.0,1482.0,890.0,9672.0,5468.0,2094.0,1657.0,3022.0,1422.0
464,2017-10-07,1227.0,1897.0,850.0,1767.0,1376.0,1304.0,1486.0,896.0,9682.0,5468.0,2095.0,1659.0,3024.0,1426.0
465,2017-10-08,1230.0,1897.0,852.0,1769.0,1377.0,1308.0,1491.0,898.0,9691.0,5470.0,2097.0,1662.0,3028.0,1429.0
466,2017-10-09,1234.0,1907.0,853.0,1770.0,1380.0,1311.0,1491.0,899.0,9711.0,5474.0,2098.0,1667.0,3034.0,1430.0
467,2017-10-10,1239.0,1913.0,855.0,1772.0,1382.0,1315.0,1495.0,905.0,9735.0,5482.0,2117.0,1674.0,3038.0,1434.0
468,2017-10-11,1255.0,1920.0,855.0,1775.0,1389.0,1316.0,1499.0,908.0,9759.0,5491.0,2124.0,1677.0,3048.0,1437.0
469,2017-10-12,1285.0,1932.0,858.0,1780.0,1393.0,1327.0,1505.0,911.0,9777.0,5507.0,2131.0,1689.0,3053.0,1439.0
470,2017-10-13,1304.0,1938.0,862.0,1786.0,1398.0,1332.0,1507.0,918.0,9799.0,5517.0,2137.0,1698.0,3059.0,1442.0
471,2017-10-14,1306.0,1945.0,863.0,1786.0,1400.0,1339.0,1511.0,921.0,9827.0,5524.0,2141.0,1700.0,3064.0,1443.0
472,2017-10-15,1310.0,1951.0,863.0,1787.0,1402.0,1346.0,1514.0,923.0,9834.0,5530.0,2151.0,1703.0,3081.0,1445.0
473,2017-10-16,1317.0,1963.0,865.0,1791.0,1404.0,1349.0,1519.0,927.0,9857.0,5534.0,2165.0,1713.0,3086.0,1451.0
474,2017-10-17,1322.0,1977.0,867.0,1797.0,1408.0,1357.0,1522.0,931.0,9878.0,5544.0,2172.0,1725.0,3092.0,1456.0
475,2017-10-18,1329.0,1995.0,870.0,1800.0,1413.0,1366.0,1528.0,939.0,9896.0,5551.0,2183.0,1735.0,3101.0,1459.0
476,2017-10-19,1343.0,2011.0,870.0,1806.0,1417.0,1369.0,1538.0,944.0,9922.0,5558.0,2192.0,1748.0,3111.0,1466.0
477,2017-10-20,1355.0,2019.0,872.0,1812.0,1420.0,1378.0,1547.0,951.0,9937.0,5566.0,2198.0,1761.0,3120.0,1467.0
478,2017-10-21,1360.0,2026.0,873.0,1812.0,1422.0,1384.0,1550.0,954.0,9946.0,5575.0,2202.0,1763.0,3121.0,1469.0
479,2017-10-22,1367.0,2029.0,879.0,1817.0,1424.0,1387.0,1553.0,960.0,9992.0,5580.0,2211.0,1774.0,3128.0,1476.0
480,2017-10-23,1382.0,2041.0,882.0,1820.0,1431.0,1396.0,1558.0,972.0,10045.0,5588.0,2218.0,1797.0,3144.0,1489.0
481,2017-10-24,1394.0,2051.0,882.0,1828.0,1437.0,1412.0,1563.0,978.0,10086.0,5596.0,2226.0,1814.0,3155.0,1498.0
482,2017-10-25,1401.0,2071.0,886.0,1835.0,1440.0,1425.0,1575.0,983.0,10123.0,5609.0,2241.0,1832.0,3164.0,1506.0
483,2017-10-26,1409.0,2079.0,889.0,1838.0,1446.0,1436.0,1581.0,990.0,10157.0,5614.0,2242.0,1844.0,3176.0,1512.0
484,2017-10-27,1421.0,2084.0,891.0,1840.0,1449.0,1445.0,1589.0,993.0,10187.0,5625.0,2247.0,1853.0,3181.0,1515.0
485,2017-10-28,1427.0,2091.0,891.0,1844.0,1450.0,1449.0,1591.0,997.0,10197.0,5627.0,2249.0,1859.0,3186.0,1517.0
486,2017-10-29,1429.0,2095.0,894.0,1845.0,1450.0,1453.0,1591.0,1002.0,10205.0,5631.0,2251.0,1880.0,3191.0,1520.0
487,2017-10-30,1433.0,2099.0,895.0,1846.0,1454.0,1457.0,1592.0,1004.0,10215.0,5636.0,2255.0,1899.0,3200.0,1523.0
488,2017-10-31,1435.0,2111.0,902.0,1850.0,1460.0,1464.0,1594.0,1007.0,10238.0,5644.0,2256.0,1909.0,3205.0,1527.0
489,2017-11-01,1440.0,2115.0,902.0,1857.0,1466.0,1467.0,1597.0,1013.0,10254.0,5655.0,2259.0,1921.0,3213.0,1530.0
490,2017-11-02,1446.0,2118.0,904.0,1861.0,1472.0,1471.0,1599.0,1027.0,10283.0,5665.0,2262.0,1932.0,3224.0,1536.0
491,2017-11-03,1452.0,2126.0,905.0,1865.0,1475.0,1474.0,1601.0,1087.0,10308.0,5674.0,2265.0,1940.0,3232.0,1540.0
492,2017-11-04,1453.0,2130.0,905.0,1869.0,1477.0,1479.0,1602.0,1106.0,10311.0,5677.0,2266.0,1947.0,3239.0,1547.0
493,2017-11-05,1453.0,2131.0,905.0,1872.0,1478.0,1481.0,1606.0,1112.0,10316.0,5679.0,2268.0,1948.0,3240.0,1548.0
